id,state_id,name,website,service,active,bipoc_focus
,44,The Lilith Fund,https://www.lilithfund.org/,funding,true ,false 
,44,Tea Fund,https://teafund.org/,funding,false ,false 
,44,West Fund,https://www.westfund.org/,funding,false ,false 
,44,Frontera Fund,https://fronterafundrgv.org/,funding,false ,true 
,44,Support your Sistah,https://abortionfunds.org/fund/support-your-sistah/,transportation and childcare,true ,true 
,44,Buckle Bunnies Fund,https://www.bucklebunnies.org/,funding,true ,false 
,44,The Bridge Collective,https://thebridgecollective.org/,transportation and kits,false ,false 
,16,Midwest Access Coalition,https://www.midwestaccesscoalition.org/,"transportation, lodging, food",true ,false 
,16,All-Options Pregnancy Resource Center,https://alloptionsprc.org/hoosier-abortion-fund/,funding,true ,false 
,16,Chicago Abortion Fund,https://www.chicagoabortionfund.org/,funding,true ,false 
,16,Whole Woman's Health Alliance,https://www.wholewomanshealthalliance.org/,"access, funding, information",true ,false 
,52,Whole Woman's Health,https://www.wholewomanshealth.com/abortion-wayfinder/,access,true ,false 
,52,Women's Reproductive Rights Assistance Project,https://wrrap.org/assistance-services/find-clinic-abortion-provider/,access,true ,false 
,52,Indigenous Women Rising,https://www.iwrising.org/abortion-fund,funding,false ,true 
,52,Elevated Access,https://elevatedaccess.org/,Transportation,true ,false 
,52,Reprocare,https://reprocare.com/,"access, pill, funding",true ,false 
,33,The Brigid Alliance,https://brigidalliance.org/need-support/,"travel, food, lodging, child care",true ,false 
,33,Mariposa Fund,http://mariposafund.org/,"translation services, access",true ,true 
,33,New Mexico Religious Coalition for Reproductive Choice,https://nmrcrc.org/if-you-are-pregnant/financial-assistance/,"funding, transportation, lodging",true ,false 